target,setsize,resp,rt,sub,correct
Absent,16,2,3.524208942,1,1
Present,8,1,0.618335581,1,1
Absent,8,2,2.606560805,1,1
Absent,8,2,2.124195576,1,1
Absent,16,2,2.759499025,1,1
Absent,12,2,3.20658539,1,1
Present,16,1,0.688882208,1,1
Absent,16,2,2.971331606,1,1
Present,8,1,1.288915883,1,1
Present,12,1,1.253620604,1,1
Absent,16,2,2.818325909,1,1
Absent,12,2,3.300667788,1,1
Absent,8,2,2.736002072,1,1
Present,8,1,0.5712532,1,1
Absent,12,2,4.477179276,1,1
Present,12,1,1.63008532,1,1
Present,12,1,2.59481091,1,1
Present,16,1,3.077171753,1,1
Absent,12,2,4.230145508,1,1
Present,16,1,0.806555328,1,1
Present,8,1,1.041811406,1,1
Present,16,1,0.688897706,1,1
Present,8,1,1.971255283,1,1
Present,12,1,1.688909224,1,1
Present,16,1,3.394776437,1,1
Absent,8,2,4.124220397,1,1
Absent,12,1,2.688931126,1,0
Absent,8,2,4.85366658,1,1
Present,12,1,0.747748551,1,1
Absent,16,2,3.606528713,1,1
Present,8,1,0.935935662,1,1
Absent,16,2,2.630103698,1,1
Present,8,1,0.630063389,1,1
Absent,12,2,3.547762716,1,1
Absent,16,2,2.206559534,1,1
Present,12,1,0.606546695,1,1
Absent,8,2,1.747731973,1,1
Present,12,1,0.688898009,1,1
Present,16,1,1.559496283,1,1
Absent,16,2,3.994816103,1,1
Present,16,1,1.771251719,1,1
Absent,16,2,4.371286189,1,1
Present,12,1,1.030084593,1,1
Present,12,1,0.653570351,1,1
Absent,12,2,2.418323511,1,1
Absent,12,2,2.430098743,1,1
Present,16,1,0.900730537,1,1
Present,8,1,0.630057291,1,1
Absent,8,2,2.653634556,1,1
Present,8,1,2.477152164,1,1
Absent,12,2,3.300705944,1,1
Present,12,1,1.230073085,1,1
Present,16,1,1.347737487,1,1
Absent,8,2,2.559608126,1,1
Absent,8,2,3.535981312,1,1
Present,16,1,2.371260964,1,1
Absent,8,2,2.583031365,1,1
Absent,16,1,2.371252584,1,0
Present,8,2,0.63008024,1,0
Absent,12,2,3.053688965,1,1
Absent,8,2,3.700663079,1,1
Absent,16,1,2.112462179,1,0
Present,8,1,0.794775327,1,1
Present,16,2,3.606559476,1,0
Absent,8,2,1.571280713,1,1
Absent,16,1,1.218305211,1,0
Absent,12,2,1.677140218,1,1
Present,12,1,1.70072367,1,1
Absent,16,2,2.006544326,1,1
Present,8,1,1.735969089,1,1
Absent,12,2,4.441881353,1,1
Present,12,1,1.171247005,1,1
Present,16,2,3.488912009,1,0
Present,8,1,0.771235214,1,1
Absent,8,2,2.559569205,1,1
Present,8,1,1.465405066,1,1
Absent,12,2,3.888903054,1,1
Present,8,1,0.78301812,1,1
Absent,16,2,3.68896446,1,1
Absent,12,2,1.994779092,1,1
Absent,8,2,3.594830055,1,1
Absent,12,2,4.241873662,1,1
Present,12,1,0.865370504,1,1
Present,12,1,1.59479184,1,1
Present,16,1,0.665373243,1,1
Present,16,1,1.41830294,1,1
Absent,8,2,1.465379631,1,1
Absent,16,2,2.406565704,1,1
Present,12,1,0.665389358,1,1
Present,16,1,0.665397009,1,1
Present,16,1,4.077203042,1,1
Absent,16,2,2.806555825,1,1
Present,12,1,1.312461425,1,1
Absent,16,2,3.135954495,1,1
Present,12,1,1.077131403,1,1
Absent,12,2,2.877138829,1,1
Absent,12,2,3.135966335,1,1
Absent,12,2,3.159498722,1,1
Present,16,1,0.641831435,1,1
Present,8,1,1.218361773,1,1
Present,8,1,0.935950603,1,1
Absent,16,2,3.383036339,1,1
Present,12,1,1.524214653,1,1
Absent,16,2,3.124219653,1,1
Present,8,1,1.135936574,1,1
Absent,8,2,1.324210834,1,1
Present,12,1,0.983025631,1,1
Present,12,1,1.300679883,1,1
Present,8,1,0.900646225,1,1
Present,8,1,1.88891555,1,1
Absent,8,2,1.324205057,1,1
Absent,8,2,2.277132894,1,1
Present,16,1,1.559496391,1,1
Absent,16,2,2.48889037,1,1
Absent,12,2,2.583029843,1,1
Present,16,1,1.430072781,1,1
Absent,8,2,2.383021766,1,1
Absent,8,2,3.136010298,1,1
Absent,12,2,3.630103384,1,1
Present,16,1,0.983028447,1,1
Absent,12,2,3.112451706,1,1
Present,12,1,0.924164309,1,1
Absent,12,2,2.171196243,1,1
Present,16,1,1.006521876,1,1
Absent,8,2,2.218325566,1,1
Present,12,1,1.288890601,1,1
Absent,8,2,1.924194468,1,1
Present,16,1,0.983028114,1,1
Absent,16,2,3.371258406,1,1
Present,16,1,1.230111163,1,1
Absent,16,2,3.206568531,1,1
Present,16,1,2.418240111,1,1
Absent,12,2,3.124278252,1,1
Present,8,1,0.688887741,1,1
Present,12,1,1.194783059,1,1
Present,12,1,0.794787459,1,1
Absent,8,2,2.771241301,1,1
Present,16,2,2.912484171,1,0
Absent,8,2,3.183010581,1,1
Absent,16,2,2.383033643,1,1
Absent,16,2,2.806548101,1,1
Present,8,1,0.606542996,1,1
Present,8,1,0.759494158,1,1
Absent,12,2,3.535959601,1,1
Present,8,1,0.853619489,1,1
Present,8,1,0.735980913,1,1
Absent,12,2,2.335983625,1,1
Absent,16,2,3.265399686,1,1
Present,12,1,0.747720129,1,1
Absent,8,2,2.783036214,1,1
Present,16,1,1.27712188,1,1
Present,12,1,0.877123529,1,1
Absent,16,2,2.524203548,1,1
Absent,12,2,2.300691722,1,1
Present,16,1,1.853611347,1,1
Absent,12,2,2.983022338,1,1
Absent,16,2,2.26539653,1,1
Present,12,1,1.135957027,1,1
Present,16,1,0.806607261,1,1
Present,12,1,1.512434562,1,1
Present,12,1,1.971289738,1,1
Present,12,1,2.277157402,1,1
Absent,16,2,2.371269267,1,1
Absent,12,2,4.700685431,1,1
Absent,8,2,3.488924414,1,1
Absent,8,2,3.088882167,1,1
Present,8,1,1.265396054,1,1
Absent,12,2,2.277133551,1,1
Absent,12,2,3.865397947,1,1
Absent,8,2,4.465375807,1,1
Present,8,1,2.312380386,1,1
Absent,8,2,1.959491808,1,1
Present,16,1,1.806553514,1,1
Present,16,1,3.912436003,1,1
Present,8,1,1.159479304,1,1
Present,8,1,1.288937438,1,1
Absent,8,2,1.818205521,1,1
Absent,16,2,1.983035427,1,1
Absent,16,2,3.559535901,1,1
Present,8,1,1.794778698,1,1
Present,8,1,0.68891576,1,1
Present,12,1,1.112360522,1,1
Absent,16,2,2.700674168,1,1
Absent,16,2,2.112440183,1,1
Present,16,1,0.677117469,1,1
Present,12,1,1.688913552,1,1
Absent,8,2,2.171288588,1,1
Absent,12,2,2.230093881,1,1
Present,8,1,1.171259436,1,1
Present,8,1,0.794677554,1,1
Absent,12,2,3.441852249,1,1
Absent,12,2,3.100680143,1,1
Present,12,1,1.194823847,1,1
Present,16,1,1.441855723,1,1
Present,12,1,0.853582726,1,1
Present,16,1,1.265365133,1,1
Absent,8,2,1.853612412,1,1
Absent,12,2,2.006556659,1,1
Absent,8,2,2.288930238,1,1
Absent,16,2,3.418333718,1,1
Present,8,1,0.935976532,1,1
Absent,8,2,1.183038226,1,1
Present,12,1,0.759486048,1,1
Absent,16,2,2.594823844,1,1
Absent,16,2,2.26539031,1,1
Present,16,1,1.300670013,1,1
Present,8,1,1.171240291,1,1
Absent,8,2,1.771216901,1,1
Absent,12,2,2.677151468,1,1
Present,16,1,1.24184225,1,1
Present,8,1,1.23010753,2,1
Present,12,1,2.935981058,2,1
Present,16,1,2.865374338,2,1
Absent,8,2,2.0771767,2,1
Absent,16,2,3.03008038,2,1
Present,12,1,1.10065239,2,1
Present,8,1,0.771231963,2,1
Present,16,1,0.665336801,2,1
Absent,8,2,1.700682399,2,1
Present,16,1,0.747713122,2,1
Absent,16,2,2.418331952,2,1
Present,8,1,1.324211137,2,1
Absent,8,2,1.935961696,2,1
Present,8,1,0.841920865,2,1
Absent,12,2,2.04184951,2,1
Absent,12,2,3.500735291,2,1
Absent,16,2,2.277156781,2,1
Present,16,1,1.406575112,2,1
Absent,12,2,1.85361679,2,1
Absent,16,2,2.088904668,2,1
Absent,8,2,2.241860251,2,1
Absent,8,2,2.053616101,2,1
Present,16,1,0.912422334,2,1
Present,8,1,1.006540151,2,1
Present,12,1,0.853596701,2,1
Present,12,1,0.865362341,2,1
Absent,12,1,1.383020443,2,0
Absent,12,-1,4.994196924,2,0
Absent,16,1,2.912449934,2,0
Present,12,2,0.65363637,2,0
Present,8,1,0.971251719,2,1
Absent,16,2,1.924194067,2,1
Present,16,1,2.700669552,2,1
Present,16,1,1.100680028,2,1
Absent,12,2,1.900680106,2,1
Absent,16,2,2.288976695,2,1
Present,8,1,0.85361089,2,1
Absent,12,2,1.806577937,2,1
Present,16,1,1.724188005,2,1
Absent,8,2,1.583016162,2,1
Absent,12,2,2.735982066,2,1
Absent,16,2,3.735998361,2,1
Absent,8,1,1.265392613,2,0
Present,12,1,0.818300667,2,1
Present,8,1,0.700612321,2,1
Present,8,1,0.888886611,2,1
Absent,8,2,2.630102575,2,1
Present,12,1,1.347742913,2,1
Absent,16,2,3.85363929,2,1
Present,16,1,0.935943165,2,1
Absent,16,1,1.324189519,2,0
Absent,12,2,1.782997394,2,1
Present,16,1,1.818304682,2,1
Present,12,1,0.865379481,2,1
Present,12,1,1.66537914,2,1
Absent,12,2,2.688908292,2,1
Present,8,1,0.818323739,2,1
Absent,8,1,3.524232549,2,0
Present,12,1,1.571264967,2,1
Absent,8,2,3.853637218,2,1
Present,16,1,0.994796164,2,1
Absent,8,2,1.430055978,2,1
Absent,12,1,3.536001967,2,0
Present,16,1,1.065377937,2,1
Present,16,1,1.05364856,2,1
Present,12,1,1.936020984,2,1
Present,16,1,1.030077859,2,1
Absent,8,2,3.312435561,2,1
Present,16,1,1.077123338,2,1
Present,12,1,0.712441932,2,1
Absent,12,2,2.312455069,2,1
Absent,16,2,4.088937536,2,1
Absent,8,2,3.783044557,2,1
Present,12,1,1.265391663,2,1
Absent,8,2,2.535987963,2,1
Present,12,1,1.71242997,2,1
Absent,16,1,3.535958491,2,0
Absent,12,2,3.371286194,2,1
Present,8,1,0.735973968,2,1
Absent,16,2,2.324180857,2,1
Absent,12,1,2.66542258,2,0
Absent,8,2,2.535981134,2,1
Absent,16,2,3.606570649,2,1
Present,8,1,0.935974407,2,1
Absent,16,1,2.877162482,2,0
Present,8,1,0.653587543,2,1
Absent,12,1,1.206549191,2,0
Present,8,1,1.477128296,2,1
Present,12,1,0.865391543,2,1
Present,8,1,0.582986798,2,1
Absent,16,2,1.771238281,2,1
Absent,16,2,2.630057554,2,1
Present,12,1,0.94773168,2,1
Present,8,1,0.806547913,2,1
Present,8,1,0.571249945,2,1
Absent,16,2,3.065376569,2,1
Present,16,1,0.771271182,2,1
Present,8,1,0.982918249,2,1
Absent,8,2,3.206547585,2,1
Present,16,1,0.583168515,2,1
Absent,8,2,1.73594931,2,1
Absent,12,2,4.088933404,2,1
Absent,12,2,2.065359143,2,1
Present,8,1,0.947722688,2,1
Present,16,1,1.535978512,2,1
Absent,8,2,3.312451458,2,1
Present,12,1,0.806578904,2,1
Present,12,1,1.430083503,2,1
Present,12,1,0.865370298,2,1
Present,12,1,0.877135308,2,1
Absent,12,2,2.1006719,2,1
Absent,12,1,3.618358574,2,0
Present,16,1,1.018316917,2,1
Absent,8,2,2.053600733,2,1
Absent,16,2,3.465358031,2,1
Absent,12,2,3.288915996,2,1
Present,16,1,2.665356512,2,1
Absent,8,2,4.394808223,2,1
Present,8,1,0.594757897,2,1
Absent,16,-1,4.994196233,2,0
Present,16,1,1.641862457,2,1
Absent,12,2,3.983698586,2,1
Present,16,1,1.9712907,2,1
Present,12,1,0.794837152,2,1
Absent,8,2,1.771255639,2,1
Present,12,1,1.053667713,2,1
Present,16,1,2.630079653,2,1
Present,12,1,1.288929898,2,1
Absent,16,2,2.359503536,2,1
Absent,16,2,3.359479216,2,1
Present,8,1,0.618468866,2,1
Present,8,1,0.547714292,2,1
Present,16,1,2.206580724,2,1
Absent,16,2,2.335948398,2,1
Present,8,1,0.536010533,2,1
Absent,16,2,2.441876897,2,1
Absent,8,2,3.877179665,2,1
Absent,16,2,2.571237875,2,1
Absent,8,1,2.72422357,2,0
Absent,12,2,1.300655748,2,1
Absent,12,2,1.677157568,2,1
Present,8,1,1.112454438,2,1
Absent,8,2,2.371233667,2,1
Absent,12,2,1.912412344,2,1
Present,8,1,0.865369567,2,1
Present,16,1,0.594789562,2,1
Present,12,1,0.677100663,2,1
Absent,8,2,2.465391643,2,1
Present,12,1,1.547712408,2,1
Absent,12,2,2.088896926,2,1
Present,16,1,2.559455992,2,1
Absent,16,2,1.347726126,2,1
Present,12,1,1.230107808,2,1
Absent,12,2,1.95948158,2,1
Present,8,1,1.218315887,2,1
Absent,16,2,2.241890102,2,1
Present,12,1,1.17126732,2,1
Absent,16,2,2.230049775,2,1
Absent,12,2,2.630136862,2,1
Present,8,1,0.865369567,2,1
Present,16,1,0.900663542,2,1
Absent,8,2,3.336007914,2,1
Present,12,1,0.947714969,2,1
Absent,12,2,2.80656175,2,1
Absent,12,2,2.383028405,2,1
Present,16,1,1.312449511,2,1
Present,12,1,1.359498191,2,1
Present,16,1,0.606518669,2,1
Absent,16,2,1.453602322,2,1
Present,16,1,0.982989341,2,1
Absent,16,2,4.94774611,2,1
Present,8,1,0.653596981,2,1
Absent,8,2,1.735967926,2,1
Absent,12,2,3.524221585,2,1
Absent,8,2,1.571258002,2,1
Absent,8,2,3.677176241,2,1
Present,12,1,0.771262952,2,1
Present,8,1,0.524180451,2,1
Present,8,1,0.688881175,2,1
Absent,8,2,2.877161648,2,1
Absent,16,1,0.888907169,2,0
Present,16,1,1.077106369,2,1
Absent,8,2,1.524199726,2,1
Present,16,1,1.535977291,2,1
Absent,8,2,1.853614639,2,1
Absent,12,1,2.065354216,2,0
Absent,8,2,2.112549484,2,1
Present,8,1,1.500676582,2,1
Present,8,1,1.418325867,2,1
Present,12,1,1.512390897,2,1
Absent,16,2,2.841845087,2,1
Absent,16,2,3.783042923,2,1
Absent,12,2,2.700682817,2,1
Absent,12,2,2.171294502,2,1
Present,16,1,1.759478537,2,1
Present,8,1,0.524190236,2,1
Present,12,1,0.924245927,2,1
Present,8,1,0.959483306,2,1
Present,12,1,0.630069413,2,1
Present,8,1,0.50066073,2,1
Absent,8,2,2.230085064,2,1
Absent,16,2,2.19481631,2,1
Absent,16,2,3.383030628,2,1
Present,12,1,0.535968102,2,1
Present,12,1,0.665357023,2,1
Present,16,1,2.053625714,2,1
Present,16,1,0.888868732,2,1
Absent,8,2,2.724208641,2,1
Absent,12,2,2.58304252,2,1
Absent,12,2,3.771275874,2,1
Present,12,2,2.379485788,3,0
Present,12,1,1.665358677,3,1
Absent,16,2,2.677167748,3,1
Absent,16,2,3.112440138,3,1
Present,12,1,4.065438481,3,1
Absent,8,2,3.771280192,3,1
Present,16,1,0.994768523,3,1
Absent,12,2,3.265343718,3,1
Absent,8,2,1.73599885,3,1
Present,16,2,2.277170557,3,0
Absent,16,2,2.535973563,3,1
Present,8,1,1.088917274,3,1
Absent,8,2,4.053640486,3,1
Present,16,2,2.51243898,3,0
Absent,16,2,2.406563208,3,1
Present,16,1,2.935960949,3,1
Absent,16,2,4.87716446,3,1
Present,12,1,0.794781994,3,1
Present,12,1,0.853583651,3,1
Absent,8,2,2.265390456,3,1
Absent,12,2,3.830105016,3,1
Present,8,1,1.018308689,3,1
Absent,12,2,1.606578967,3,1
Present,8,1,2.794783693,3,1
Absent,8,2,2.677145285,3,1
Present,8,1,0.924178527,3,1
Present,8,1,0.947734236,3,1
Absent,12,2,2.218383516,3,1
Absent,12,2,2.512447761,3,1
Present,16,1,1.312445596,3,1
Present,8,1,1.559499549,3,1
Present,12,1,1.924185777,3,1
Absent,12,2,1.27715448,3,1
Absent,8,2,2.124258894,3,1
Absent,16,2,2.971287888,3,1
Present,12,1,2.300680361,3,1
Present,12,2,3.606563849,3,0
Absent,16,2,4.053659031,3,1
Present,8,1,3.677155831,3,1
Present,8,1,3.512445213,3,1
Absent,8,2,3.335984938,3,1
Present,8,1,4.147763491,3,1
Present,16,1,2.877133491,3,1
Absent,16,2,2.924275851,3,1
Present,12,1,1.853604259,3,1
Absent,12,2,3.54777243,3,1
Absent,12,2,2.430061068,3,1
Present,16,1,2.830076882,3,1
Absent,12,2,2.124213999,3,1
Absent,8,2,3.571263824,3,1
Absent,12,2,4.018340798,3,1
Present,16,1,2.124184797,3,1
Absent,8,2,2.253610399,3,1
Present,16,1,2.594792916,3,1
Present,8,1,0.865381662,3,1
Present,12,1,1.077132278,3,1
Absent,8,2,1.994800146,3,1
Absent,16,2,2.865366717,3,1
Present,16,1,1.041847833,3,1
Absent,16,2,2.394810426,3,1
Present,16,2,2.183038868,3,0
Present,16,1,0.865332786,3,1
Present,12,1,3.194801194,3,1
Absent,16,2,3.441867346,3,1
Absent,8,2,1.865395022,3,1
Present,12,1,1.594771936,3,1
Absent,12,2,1.641863905,3,1
Present,12,1,2.394806539,3,1
Absent,16,2,2.547722595,3,1
Absent,12,-1,4.994238193,3,0
Absent,16,2,1.018288587,3,1
Present,8,1,1.359848688,3,1
Absent,8,2,1.500678657,3,1
Absent,12,2,1.994766974,3,1
Absent,12,2,1.70069198,3,1
Absent,16,2,2.606566458,3,1
Absent,8,2,2.394795975,3,1
Absent,8,2,2.547745812,3,1
Present,16,1,1.277129325,3,1
Present,12,1,0.724215776,3,1
Absent,16,2,2.465419998,3,1
Present,16,1,1.665439291,3,1
Present,12,1,0.994789116,3,1
Absent,12,2,3.230074523,3,1
Present,8,1,0.982981657,3,1
Present,8,1,1.535978823,3,1
Present,8,1,2.135993399,3,1
Present,16,1,3.559481246,3,1
Absent,8,2,1.936033352,3,1
Present,8,2,4.547734758,3,0
Present,16,1,2.641855414,3,1
Present,12,1,1.288896984,3,1
Present,8,1,1.535976427,3,1
Present,12,1,1.735984001,3,1
Present,16,2,3.853651187,3,0
Absent,12,2,1.936019964,3,1
Absent,16,2,2.712473397,3,1
Absent,12,2,2.86538011,3,1
Present,12,1,3.406553401,3,1
Absent,12,2,2.959477364,3,1
Absent,8,2,3.688926752,3,1
Absent,16,2,4.35952252,3,1
Absent,12,2,1.841851738,3,1
Absent,16,2,3.830075829,3,1
Present,8,1,0.841860627,3,1
Present,8,1,0.830009183,3,1
Present,12,1,0.665431249,3,1
Absent,12,2,1.924207423,3,1
Absent,8,2,3.488936897,3,1
Absent,8,2,1.571254576,3,1
Present,16,1,1.006554682,3,1
Absent,8,2,1.947739975,3,1
Present,8,1,1.33595211,3,1
Present,16,1,1.07715549,3,1
Absent,8,2,1.830090971,3,1
Present,8,1,2.230083308,3,1
Present,12,2,2.547804336,3,0
Absent,16,2,3.171255549,3,1
Absent,16,2,1.924211743,3,1
Present,16,2,2.794794845,3,0
Present,16,2,3.288912938,3,0
Present,12,1,1.077170933,3,1
Absent,8,2,1.947728387,3,1
Absent,16,2,2.959511185,3,1
Present,12,1,3.783049371,3,1
Absent,16,2,4.535981038,3,1
Absent,8,2,2.91247044,3,1
Present,8,1,1.041839666,3,1
Absent,12,2,1.583023109,3,1
Present,16,1,2.430088382,3,1
Present,8,2,4.194819501,3,0
Absent,8,2,2.371264947,3,1
Absent,16,2,3.559577628,3,1
Absent,12,2,2.37123062,3,1
Present,16,-1,4.994206646,3,0
Present,16,1,2.347746612,3,1
Absent,8,2,1.030077052,3,1
Present,12,2,1.924241516,3,0
Present,8,1,1.441818867,3,1
Present,8,1,2.077136491,3,1
Absent,16,2,3.535978905,3,1
Present,8,1,0.900622361,3,1
Absent,8,2,1.794782119,3,1
Absent,12,2,2.077210365,3,1
Present,12,2,2.218331912,3,0
Absent,16,2,2.53598361,3,1
Absent,12,2,3.98303759,3,1
Present,16,1,1.47713706,3,1
Absent,12,2,2.653672181,3,1
Present,12,1,0.947733875,3,1
Present,8,1,3.088926812,3,1
Present,12,1,2.135980312,3,1
Present,12,1,2.065391972,3,1
Present,16,2,2.288927266,3,0
Absent,16,2,2.735986359,3,1
Absent,8,2,3.100665028,3,1
Present,16,1,0.630105351,3,1
Present,8,1,1.547788189,3,1
Absent,12,2,2.500674286,3,1
Present,8,1,1.065348023,3,1
Present,12,1,2.088881867,3,1
Absent,8,2,2.041831313,3,1
Absent,8,2,1.641864632,3,1
Present,16,1,2.677149861,3,1
Absent,12,2,3.218337227,3,1
Present,16,1,1.535960997,3,1
Absent,8,2,3.088932637,3,1
Absent,12,2,2.159511383,3,1
Absent,16,2,2.324255035,3,1
Absent,12,2,3.288905001,3,1
Absent,16,2,2.630097533,3,1
Present,8,1,0.900646849,3,1
Present,12,1,2.053617787,3,1
Present,12,1,1.230087082,3,1
Absent,16,2,2.853647067,3,1
Absent,12,2,2.488935253,3,1
Present,16,1,0.818307321,3,1
Absent,8,2,2.335968563,3,1
Present,8,2,4.677172419,3,0
Absent,16,2,2.018326092,3,1
Present,8,1,1.230134248,3,1
Present,8,1,0.794797309,3,1
Present,12,1,1.147726928,3,1
Present,16,2,1.465370744,3,0
Absent,8,2,1.653623118,3,1
Present,16,2,1.959503275,3,0
Present,16,2,2.841860557,3,0
Absent,16,2,2.524262163,3,1
Present,12,2,3.230125266,3,0
Absent,12,2,2.183063842,3,1
Absent,8,2,2.335982013,3,1
Absent,8,2,2.512447481,3,1
Absent,16,2,3.418362534,3,1
Absent,8,2,2.93597232,3,1
Absent,8,2,1.79478676,3,1
Absent,12,2,2.477154507,3,1
Present,16,2,2.665389205,3,0
Present,8,1,2.912480076,3,1
Absent,12,2,4.147760255,3,1
Absent,16,-1,4.994197634,3,0
Present,8,1,1.312442221,3,1
Absent,12,2,1.265378233,3,1
Present,8,1,1.712461789,3,1
Present,16,1,1.053612151,3,1
Present,12,1,1.28890536,3,1
Absent,12,2,1.841804116,3,1
Absent,16,2,2.041853886,3,1
Absent,16,2,3.394809318,3,1
Present,12,1,2.300673156,3,1
Present,12,1,0.983028027,3,1
Absent,12,2,2.077134937,4,1
Present,12,1,1.171241381,4,1
Absent,8,2,1.14772964,4,1
Present,16,1,1.747779297,4,1
Present,12,2,1.994801268,4,0
Present,16,1,0.91242475,4,1
Present,8,1,1.171243268,4,1
Present,16,1,2.571259486,4,1
Absent,8,2,1.218334373,4,1
Absent,16,2,2.794793111,4,1
Absent,12,2,2.124224274,4,1
Present,12,1,3.241865905,4,1
Absent,16,2,2.747728831,4,1
Absent,12,2,2.900743995,4,1
Absent,12,2,3.488877293,4,1
Absent,16,2,3.888917489,4,1
Absent,8,2,3.736012087,4,1
Present,16,1,1.053626787,4,1
Present,12,1,2.006567749,4,1
Absent,8,2,3.488963573,4,1
Present,12,1,4.183070654,4,1
Present,8,1,2.241881734,4,1
Absent,8,2,2.135961861,4,1
Absent,16,2,2.983027889,4,1
Absent,12,2,4.253722502,4,1
Present,8,1,1.688930687,4,1
Present,8,1,1.547723798,4,1
Present,16,1,2.547763674,4,1
Absent,16,2,3.547775503,4,1
Present,8,1,0.724201202,4,1
Present,16,1,1.359455658,4,1
Present,16,1,1.418377055,4,1
Absent,8,2,1.312445686,4,1
Present,16,1,1.135967214,4,1
Present,8,1,1.830087538,4,1
Present,8,1,2.171299474,4,1
Absent,16,2,2.265382122,4,1
Absent,16,2,2.877186278,4,1
Present,8,1,0.700676349,4,1
Absent,12,2,3.135976472,4,1
Absent,16,2,2.35952643,4,1
Present,8,1,1.830087618,4,1
Present,16,1,1.053615344,4,1
Present,16,1,1.394785537,4,1
Absent,16,2,3.171266388,4,1
Present,12,1,2.100653209,4,1
Absent,8,2,2.441874717,4,1
Present,12,-1,4.994194679,4,0
Absent,12,2,2.359489569,4,1
Present,12,1,1.971271866,4,1
Present,12,1,1.841888541,4,1
Absent,12,2,2.230128664,4,1
Absent,16,2,2.547736101,4,1
Absent,8,2,1.783052091,4,1
Absent,8,2,2.077164094,4,1
Present,8,1,1.147729051,4,1
Absent,8,2,2.171265711,4,1
Present,12,1,2.112461503,4,1
Absent,12,2,2.677154673,4,1
Absent,12,2,2.24186169,4,1
Present,12,1,0.971249113,4,1
Absent,8,2,1.383051752,4,1
Absent,16,2,2.147757711,4,1
Absent,8,2,2.112441341,4,1
Present,8,1,1.465372246,4,1
Absent,8,2,2.135954583,4,1
Present,16,1,1.794802411,4,1
Present,12,1,1.018291703,4,1
Present,8,1,1.324207736,4,1
Absent,12,2,2.041853439,4,1
Absent,16,2,1.959482622,4,1
Present,16,1,1.853624802,4,1
Absent,12,2,1.971281357,4,1
Absent,12,2,2.383043251,4,1
Present,8,1,0.712462054,4,1
Absent,16,2,2.277164713,4,1
Absent,8,2,2.371287766,4,1
Present,12,1,1.041815689,4,1
Present,16,1,2.182998697,4,1
Present,12,1,1.994849164,4,1
Present,8,1,0.841892821,4,1
Present,16,1,2.618363186,4,1
Absent,12,2,2.20655786,4,1
Absent,8,2,2.041829806,4,1
Present,8,1,1.665405508,4,1
Absent,16,2,2.547719527,4,1
Absent,16,2,2.936007451,4,1
Present,16,1,2.300656545,4,1
Present,12,1,0.688871928,4,1
Absent,12,2,2.20654978,4,1
Present,8,1,1.724200661,4,1
Absent,16,2,1.912434927,4,1
Present,12,1,1.418326819,4,1
Absent,12,2,1.830109018,4,1
Present,16,1,1.688953826,4,1
Absent,8,2,1.324200543,4,1
Present,8,1,1.312447573,4,1
Present,16,1,1.453621165,4,1
Absent,12,2,1.994796447,4,1
Present,16,1,2.853619607,4,1
Present,8,1,0.712410126,4,1
Absent,16,2,1.959498812,4,1
Absent,12,2,2.288963262,4,1
Present,12,1,0.771252403,4,1
Present,8,1,1.077141165,4,1
Absent,16,2,2.288938063,4,1
Absent,16,2,2.088900741,4,1
Present,12,1,0.677128832,4,1
Absent,8,2,2.477137233,4,1
Present,16,1,1.818376637,4,1
Absent,8,2,1.830098645,4,1
Absent,16,2,1.84186681,4,1
Present,12,1,0.724194388,4,1
Absent,8,2,1.830130712,4,1
Absent,12,2,1.936103537,4,1
Present,16,1,1.735969129,4,1
Absent,12,2,1.806555597,4,1
Present,8,1,0.912412304,4,1
Present,12,1,1.171274891,4,1
Absent,8,2,2.559509325,4,1
Absent,8,1,1.712444616,4,0
Absent,12,2,1.877136726,4,1
Present,12,1,0.830081763,4,1
Absent,16,2,1.759518937,4,1
Present,8,1,0.830088267,4,1
Absent,8,2,1.441817636,4,1
Present,16,1,1.912448045,4,1
Present,8,1,1.324189343,4,1
Absent,12,2,1.935989033,4,1
Absent,12,2,1.947756243,4,1
Present,16,1,1.971278791,4,1
Present,12,1,0.747691847,4,1
Absent,8,2,1.794794159,4,1
Absent,16,2,2.300677218,4,1
Absent,12,2,2.288981106,4,1
Present,8,1,1.030075694,4,1
Absent,16,2,2.159519375,4,1
Absent,8,2,2.794796928,4,1
Present,12,1,1.065380852,4,1
Present,12,1,1.500761087,4,1
Absent,8,2,1.735987314,4,1
Present,12,1,1.606552855,4,1
Absent,16,1,2.288894418,4,0
Present,8,1,1.06538406,4,1
Present,16,1,1.347724061,4,1
Absent,16,2,2.453628704,4,1
Absent,12,2,3.288936591,4,1
Present,16,1,2.018318351,4,1
Present,8,1,1.277166998,4,1
Present,16,1,0.95947262,4,1
Present,8,1,1.171257411,4,1
Present,12,1,1.818327205,4,1
Absent,12,2,3.77131198,4,1
Present,12,1,1.406572303,4,1
Absent,8,2,1.900675587,4,1
Present,12,1,1.606560895,4,1
Absent,16,2,2.394803186,4,1
Absent,8,2,1.453636852,4,1
Present,8,1,0.794786866,4,1
Present,16,1,1.14780087,4,1
Present,16,1,0.900673712,4,1
Absent,12,2,1.806570035,4,1
Present,8,1,0.935956673,4,1
Present,8,1,0.641872138,4,1
Absent,12,2,2.100694042,4,1
Present,8,1,1.124198724,4,1
Present,16,1,1.853612309,4,1
Present,16,1,2.559523107,4,1
Absent,16,2,2.277202633,4,1
Absent,16,2,2.78304056,4,1
Absent,12,2,2.818322233,4,1
Absent,8,2,2.21834978,4,1
Absent,12,2,3.265395914,4,1
Absent,8,2,2.383036229,4,1
Present,16,1,2.253626419,4,1
Absent,8,2,2.524228976,4,1
Present,12,1,2.088913502,4,1
Absent,16,2,3.453626198,4,1
Absent,16,2,3.277154395,4,1
Present,12,1,0.771167259,4,1
Present,16,1,1.900654507,4,1
Absent,12,2,2.947753907,4,1
Present,8,1,0.630077508,4,1
Absent,8,2,1.747755165,4,1
Present,16,1,1.818351485,4,1
Absent,12,2,2.041852971,4,1
Absent,16,2,2.500667562,4,1
Absent,16,2,2.512455017,4,1
Present,16,1,1.383022726,4,1
Present,12,1,1.159486655,4,1
Absent,16,2,3.300684652,4,1
Absent,8,2,2.994796542,4,1
Absent,8,2,2.477145897,4,1
Present,8,1,1.088918658,4,1
Absent,16,2,2.994809739,4,1
Present,12,1,1.230071907,4,1
Present,12,1,1.512420437,4,1
Absent,8,2,2.700734427,4,1
Absent,12,2,2.135979161,4,1
Present,8,1,1.571319601,4,1
Present,8,1,0.653599567,4,1
Absent,16,2,2.994779179,4,1
Present,16,1,0.700662863,4,1
Present,16,1,1.383014323,4,1
Present,8,1,0.771264824,4,1
Present,12,1,1.535977738,4,1
Absent,12,2,2.418333954,4,1
Present,12,1,1.147713698,4,1
Absent,12,2,2.594783475,4,1
Absent,8,2,2.288903999,4,1
Present,16,1,2.394754538,5,1
Absent,16,1,2.241837132,5,0
Present,16,1,0.935990915,5,1
Absent,16,1,2.24183238,5,0
Present,8,1,1.10065568,5,1
Absent,8,2,2.771293692,5,1
Absent,16,2,3.665388894,5,1
Present,8,1,2.041814383,5,1
Present,8,1,1.15950707,5,1
Absent,12,2,1.818328684,5,1
Absent,12,1,1.535968445,5,0
Absent,8,2,2.535972364,5,1
Present,12,1,0.783004253,5,1
Absent,16,1,1.888915244,5,0
Absent,8,2,2.488911758,5,1
Present,8,1,2.312427805,5,1
Absent,16,1,1.053580912,5,0
Absent,12,1,0.959478166,5,0
Present,12,1,0.71242691,5,1
Absent,8,2,0.818299304,5,1
Present,16,1,0.418315072,5,1
Present,8,2,1.218313757,5,0
Absent,8,2,1.030077932,5,1
Present,16,1,0.594787891,5,1
Present,12,1,0.559521726,5,1
Absent,12,1,0.441890756,5,0
Present,16,1,2.559522764,5,1
Absent,12,2,1.947724039,5,1
Present,12,1,0.58302251,5,1
Present,12,1,1.006547464,5,1
Absent,12,1,1.712458929,5,0
Absent,12,1,1.359502023,5,0
Present,16,1,0.512410612,5,1
Absent,16,1,1.288934361,5,0
Present,12,1,1.359492426,5,1
Present,12,1,1.088939559,5,1
Present,8,2,1.218304912,5,0
Absent,16,1,1.641855237,5,0
Present,8,1,1.112423191,5,1
Present,12,2,1.206561917,5,0
Absent,16,2,1.865372887,5,1
Absent,16,2,2.218328471,5,1
Absent,8,1,1.124207342,5,0
Absent,12,2,1.300657477,5,1
Present,8,1,0.9123955,5,1
Present,16,1,1.206591668,5,1
Absent,8,2,2.91244497,5,1
Absent,8,2,1.524165938,5,1
Present,16,1,0.853584095,5,1
Present,8,1,0.677126584,5,1
Present,8,2,2.559563611,5,0
Absent,16,2,4.37128458,5,1
Absent,8,2,3.230107547,5,1
Present,12,1,1.112440937,5,1
Present,12,1,0.900708174,5,1
Absent,8,2,2.688917617,5,1
Absent,12,2,3.135995176,5,1
Present,16,1,2.135951719,5,1
Absent,12,1,2.877577556,5,0
Present,16,2,2.630119023,5,0
Present,12,1,1.12417787,5,1
Present,8,1,0.559488983,5,1
Present,16,1,1.112422662,5,1
Absent,8,2,3.136014192,5,1
Absent,8,2,1.618334551,5,1
Absent,16,1,2.288957721,5,0
Absent,8,2,2.5948071,5,1
Present,16,2,4.206600761,5,0
Absent,12,2,1.394806752,5,1
Absent,16,2,2.065387904,5,1
Present,16,1,1.253605968,5,1
Present,12,1,1.347750326,5,1
Present,12,1,1.865384463,5,1
Present,16,2,4.053638343,5,0
Present,8,1,3.383024352,5,1
Absent,16,2,2.359512325,5,1
Present,8,1,2.900686629,5,1
Absent,8,2,1.100695411,5,1
Present,16,2,1.806551434,5,0
Absent,16,1,1.841841691,5,0
Absent,12,2,0.888889621,5,1
Present,12,1,0.865348653,5,1
Absent,16,1,0.983007426,5,0
Present,8,2,0.947716292,5,0
Present,12,1,0.641853951,5,1
Absent,12,1,0.747730835,5,0
Absent,8,2,0.688935599,5,1
Absent,12,2,0.700671176,5,1
Present,8,2,1.630069689,5,0
Absent,12,2,0.806639806,5,1
Absent,16,2,1.018305905,5,1
Present,8,1,1.041840876,5,1
Absent,8,2,0.971251198,5,1
Absent,16,2,0.712440138,5,1
Present,16,1,0.159472056,5,1
Absent,12,1,0.535938494,5,0
Present,16,2,0.712439662,5,0
Absent,8,1,1.183003346,5,0
Present,8,1,1.053604708,5,1
Present,16,1,1.018340603,5,1
Present,12,1,0.688898495,5,1
Absent,12,2,1.006518573,5,1
Present,12,1,0.747754922,5,1
Present,16,1,0.748217342,5,1
Absent,16,2,1.053607715,5,1
Present,12,1,1.100668582,5,1
Absent,12,2,3.371264343,5,1
Present,8,1,0.888901264,5,1
Absent,8,1,0.900666131,5,0
Present,8,1,0.453596124,5,1
Present,16,2,0.665386198,5,0
Absent,16,2,0.583021646,5,1
Absent,8,1,0.006520293,5,0
Present,12,1,0.324190043,5,1
Absent,8,1,0.288892145,5,0
Absent,16,1,0.65360378,5,0
Present,12,1,0.65361601,5,1
Absent,12,1,0.535958814,5,0
Absent,12,2,3.418344613,5,1
Present,8,1,1.335967111,5,1
Absent,16,1,3.653605928,5,0
Absent,16,2,1.418333686,5,1
Present,8,2,0.959493817,5,0
Absent,8,2,2.512430617,5,1
Present,8,1,2.335970738,5,1
Absent,12,1,0.912439887,5,0
Present,16,1,0.512491968,5,1
Present,16,1,0.465365893,5,1
Present,16,1,0.688989547,5,1
Absent,8,1,0.183030101,5,0
Absent,16,1,1.253596467,5,0
Present,16,2,0.806524781,5,0
Absent,12,1,0.606557186,5,0
Absent,8,2,0.559508351,5,1
Absent,16,1,0.759540871,5,0
Present,12,1,0.877197857,5,1
Absent,8,1,1.006547737,5,0
Present,12,1,0.359535603,5,1
Absent,12,-1,4.994190123,5,0
Present,8,1,1.018338044,5,1
Present,16,1,1.653608853,5,1
Present,12,1,2.888937042,5,1
Absent,12,2,2.818333453,5,1
Absent,12,2,3.241870943,5,1
Absent,16,2,2.947769581,5,1
Present,12,1,1.065331874,5,1
Present,12,-1,4.994198446,5,0
Present,8,1,0.853645578,5,1
Absent,8,1,1.783037705,5,0
Present,8,1,1.877133646,5,1
Present,16,2,0.830126113,5,0
Absent,12,1,0.8301055,5,0
Absent,16,1,0.594778347,5,0
Present,8,2,0.477126589,5,0
Present,8,1,0.28891177,5,1
Absent,16,1,0.241849801,5,0
Absent,8,2,0.583002566,5,1
Present,12,1,0.971248323,5,1
Present,16,1,1.030095628,5,1
Absent,8,1,0.877159079,5,0
Absent,16,1,0.559482843,5,0
Absent,12,1,0.771252228,5,0
Absent,16,1,0.653599392,5,0
Present,16,1,0.594798168,5,1
Absent,8,1,1.077135365,5,0
Present,12,1,0.724254386,5,1
Present,12,2,0.865363163,5,0
Absent,16,1,0.571298928,5,0
Absent,12,2,0.630078822,5,1
Present,8,2,0.700696107,5,0
Present,8,2,0.783001967,5,0
Absent,12,2,0.78296031,5,1
Present,16,2,0.712426524,5,0
Absent,8,2,0.947721224,5,1
Present,8,1,0.806559434,5,1
Present,12,1,0.783002291,5,1
Absent,12,2,0.853605221,5,1
Present,16,1,0.559474059,5,1
Present,12,1,0.63007635,5,1
Absent,8,1,0.771251246,5,0
Absent,8,2,0.700717056,5,1
Present,8,1,2.183030427,5,1
Present,8,1,0.641835738,5,1
Present,16,1,1.394823406,5,1
Absent,12,1,1.40656608,5,0
Present,8,1,0.900649375,5,1
Present,8,1,1.253590856,5,1
Absent,16,1,1.430080413,5,0
Present,8,1,1.171175023,5,1
Absent,8,1,1.524211721,5,0
Present,12,1,1.394861788,5,1
Absent,12,2,1.947718613,5,1
Absent,16,2,2.324246288,5,1
Present,16,2,3.571268443,5,0
Absent,12,2,2.159569298,5,1
Present,12,1,1.159485372,5,1
Present,12,1,1.747711114,5,1
Present,16,2,2.430106627,5,0
Present,12,2,2.371265789,5,0
Present,12,2,1.912506802,5,0
Absent,16,1,2.030070185,5,0
Absent,16,2,2.230070373,5,1
Present,16,2,1.465461442,5,0
Absent,12,2,2.359502496,5,1
Present,16,2,1.8418382,5,0
Absent,8,2,1.747748246,5,1
Absent,12,2,2.1948028,5,1
Absent,16,2,1.300661126,5,1
Absent,8,2,1.759503283,5,1
Absent,8,2,1.206550557,5,1
Absent,8,2,1.759406026,6,1
Absent,12,2,1.830072343,6,1
Absent,16,2,2.3242031,6,1
Present,16,1,1.74775595,6,1
Present,12,1,0.865377436,6,1
Present,8,1,0.677143646,6,1
Present,12,1,0.93598359,6,1
Absent,12,2,1.347718264,6,1
Absent,12,2,1.724193762,6,1
Present,8,1,1.771257238,6,1
Absent,12,2,2.488909537,6,1
Present,16,1,1.2653976,6,1
Absent,12,2,1.91245323,6,1
Present,12,2,2.488921838,6,0
Absent,8,2,2.500701415,6,1
Present,8,1,0.79478983,6,1
Absent,16,2,2.065385977,6,1
Present,12,1,1.559489622,6,1
Absent,16,2,2.065395513,6,1
Present,8,1,0.747714976,6,1
Absent,8,2,2.700832267,6,1
Present,16,1,2.288804705,6,1
Absent,16,2,2.359499539,6,1
Absent,8,2,3.441861725,6,1
Present,16,1,1.512412061,6,1
Absent,16,2,2.253613436,6,1
Present,8,1,1.253733637,6,1
Present,16,1,2.571267089,6,1
Absent,8,2,4.91247757,6,1
Present,12,1,1.583007278,6,1
Absent,12,-1,4.994186434,6,0
Present,8,1,1.688906879,6,1
Present,8,1,2.183048898,6,1
Present,12,2,2.877151498,6,0
Present,8,1,0.806547234,6,1
Present,16,1,3.112469543,6,1
Absent,12,2,2.641855695,6,1
Absent,8,1,2.35946124,6,0
Absent,8,2,2.194792432,6,1
Present,12,1,2.277150979,6,1
Present,8,1,1.712452982,6,1
Absent,16,2,2.641866316,6,1
Absent,16,2,2.712447233,6,1
Absent,16,2,3.947745078,6,1
Present,8,1,0.630073506,6,1
Present,16,1,2.747734675,6,1
Absent,16,2,2.806557166,6,1
Absent,12,2,3.806584062,6,1
Present,12,1,1.782982652,6,1
Absent,12,2,3.394833337,6,1
Absent,8,2,2.53596764,6,1
Present,12,1,1.394721339,6,1
Absent,12,2,3.488901332,6,1
Absent,8,2,2.794841806,6,1
Present,16,1,1.159509644,6,1
Absent,16,1,1.500683464,6,0
Present,12,1,1.03004679,6,1
Absent,8,2,1.841842299,6,1
Present,16,1,2.818355427,6,1
Present,16,2,2.78303661,6,0
Absent,12,1,2.924258501,6,0
Absent,16,2,2.277152091,6,1
Present,8,1,2.147742111,6,1
Absent,8,2,2.218311782,6,1
Absent,16,2,3.912428717,6,1
Present,8,1,1.030095197,6,1
Present,8,1,3.841874722,6,1
Present,12,1,2.783043615,6,1
Absent,8,2,1.735968314,6,1
Absent,12,2,3.406593044,6,1
Present,12,1,0.935962636,6,1
Absent,12,2,3.206632426,6,1
Present,16,1,1.194748559,6,1
Absent,16,2,3.406590505,6,1
Present,12,1,1.994797803,6,1
Absent,12,2,3.524270568,6,1
Absent,12,2,3.006572857,6,1
Present,16,2,4.030110447,6,0
Absent,8,2,2.735997429,6,1
Present,12,1,2.441747507,6,1
Absent,8,2,3.05362587,6,1
Absent,8,2,2.641848044,6,1
Present,16,1,1.359469382,6,1
Present,16,1,1.971263325,6,1
Present,8,1,2.983060396,6,1
Present,16,1,2.394813346,6,1
Present,8,1,2.641882799,6,1
Absent,16,2,2.971303271,6,1
Absent,16,2,3.77131795,6,1
Present,12,2,3.218417703,6,0
Absent,8,1,0.971261877,6,0
Absent,16,2,2.21831098,6,1
Absent,12,2,2.241861178,6,1
Present,8,1,1.041845186,6,1
Present,16,1,0.900674988,6,1
Absent,12,2,1.90067886,6,1
Present,16,1,1.877167472,6,1
Present,12,1,3.288928522,6,1
Present,8,1,1.206534277,6,1
Present,12,1,2.7359523,6,1
Present,12,1,1.112435775,6,1
Absent,8,2,2.230105134,6,1
Present,8,1,0.747729214,6,1
Absent,16,2,2.924338337,6,1
Absent,8,2,1.853616842,6,1
Present,16,1,2.088906678,6,1
Absent,8,2,3.147813205,6,1
Absent,16,2,3.571266298,6,1
Present,16,1,1.347682096,6,1
Present,16,1,1.606541795,6,1
Absent,12,2,3.124157152,6,1
Present,8,1,0.700662334,6,1
Absent,12,2,3.24191876,6,1
Absent,8,2,2.959510519,6,1
Absent,16,2,3.453637681,6,1
Absent,12,2,4.724191777,6,1
Absent,16,2,3.818352196,6,1
Present,8,1,0.924160127,6,1
Present,12,1,2.630095653,6,1
Present,12,1,1.500574496,6,1
Absent,16,2,4.594823255,6,1
Absent,8,2,3.324250584,6,1
Absent,8,2,3.300690759,6,1
Present,8,1,3.124226307,6,1
Present,8,1,1.065362228,6,1
Present,16,1,2.924186742,6,1
Present,12,1,1.206556579,6,1
Absent,12,2,1.865393242,6,1
Present,12,1,0.865383854,6,1
Absent,12,2,2.335951077,6,1
Present,12,1,0.888895586,6,1
Present,16,1,1.724246587,6,1
Absent,16,-1,4.994218061,6,0
Present,16,1,1.724185815,6,1
Present,12,1,1.935953703,6,1
Present,12,1,1.512423607,6,1
Absent,8,2,3.324275392,6,1
Absent,12,2,3.924229565,6,1
Present,16,1,2.935936724,6,1
Absent,16,2,4.147757017,6,1
Absent,12,2,4.006623689,6,1
Absent,16,2,3.524218959,6,1
Present,8,1,1.453584721,6,1
Absent,12,2,3.653647904,6,1
Present,16,1,2.324177509,6,1
Absent,16,2,2.947752942,6,1
Absent,8,2,3.583029427,6,1
Present,8,1,2.500676188,6,1
Present,8,1,3.15952527,6,1
Absent,8,2,4.641884564,6,1
Absent,8,2,4.253655944,6,1
Present,12,2,3.418356472,6,0
Present,8,1,2.088997739,6,1
Present,12,1,0.771259112,6,1
Absent,8,2,1.818358943,6,1
Present,16,2,2.971286971,6,0
Absent,12,2,2.571259433,6,1
Absent,12,2,3.382985179,6,1
Present,16,1,2.877151375,6,1
Absent,8,2,3.006551336,6,1
Absent,16,2,2.653598294,6,1
Absent,12,2,3.288896851,6,1
Present,16,1,1.747735965,6,1
Absent,16,2,2.300688792,6,1
Present,12,1,1.077152603,6,1
Present,12,1,1.900674732,6,1
Present,8,1,1.677185423,6,1
Absent,8,2,3.512448757,6,1
Present,16,1,1.935967738,6,1
Absent,8,2,3.877161106,6,1
Present,16,1,2.159531818,6,1
Present,8,1,2.41834751,6,1
Absent,12,2,3.477156182,6,1
Present,8,1,1.994796878,6,1
Absent,16,-1,4.994214365,6,0
Absent,16,2,2.524243511,6,1
Absent,12,2,2.312468154,6,1
Present,12,1,3.053734472,6,1
Present,8,1,2.230106963,6,1
Absent,16,1,3.87718595,6,0
Absent,12,2,2.606576528,6,1
Present,16,1,1.24184534,6,1
Present,12,1,1.183053254,6,1
Present,16,1,1.994800081,6,1
Present,12,1,1.54777148,6,1
Absent,16,2,1.653607196,6,1
Present,12,1,0.900675028,6,1
Absent,8,2,1.335971831,6,1
Present,8,1,0.830074017,6,1
Present,8,1,0.559485582,6,1
Present,12,1,1.065383165,6,1
Absent,8,2,2.288926665,6,1
Present,16,1,0.747699754,6,1
Absent,12,2,1.524210262,6,1
Absent,16,2,1.747763979,6,1
Absent,8,2,1.524328062,6,1
Absent,12,2,3.159524457,6,1
Absent,16,2,2.324191326,6,1
Absent,12,2,3.418326187,6,1
Absent,8,2,3.112448375,6,1
Present,16,1,2.535961124,6,1
Absent,16,2,2.041854881,6,1
Present,8,1,1.065369526,6,1
Present,12,1,2.312422259,6,1
Present,8,1,0.782971931,6,1
Present,16,1,2.665450962,6,1
Present,8,1,1.524214966,6,1
Absent,12,2,2.300689389,6,1
Absent,16,2,2.34773763,6,1
Absent,8,2,3.48892693,6,1
Present,12,1,2.194794322,7,1
Absent,16,2,4.053608647,7,1
Absent,16,2,3.288910167,7,1
Present,12,1,1.406586052,7,1
Present,12,1,1.583037354,7,1
Absent,8,2,2.183020109,7,1
Absent,12,1,1.35953031,7,0
Absent,8,2,2.853632905,7,1
Present,16,1,0.665364268,7,1
Absent,8,1,2.171272397,7,0
Present,8,1,0.865345705,7,1
Present,8,1,1.406554597,7,1
Present,16,1,2.147721201,7,1
Present,12,1,1.712459463,7,1
Absent,12,2,2.735969109,7,1
Absent,12,2,2.512439188,7,1
Absent,12,2,3.677153059,7,1
Present,16,1,0.900722003,7,1
Absent,8,2,2.736007115,7,1
Present,16,1,1.5594869,7,1
Absent,16,2,2.335973613,7,1
Absent,8,2,2.535987908,7,1
Present,8,1,1.241851607,7,1
Absent,12,2,4.653638413,7,1
Absent,16,2,3.441850029,7,1
Present,12,1,1.394817356,7,1
Present,8,1,1.806564098,7,1
Absent,16,2,3.559527132,7,1
Present,8,1,1.747708413,7,1
Present,16,1,2.959530375,7,1
Present,8,1,0.747704799,7,1
Present,8,1,0.6653648,7,1
Absent,12,2,3.724238762,7,1
Present,8,1,0.924193381,7,1
Absent,8,2,2.806590152,7,1
Absent,16,2,2.512490699,7,1
Absent,8,2,2.300678597,7,1
Absent,8,2,2.994806108,7,1
Absent,16,2,3.453614003,7,1
Present,12,1,2.700697611,7,1
Present,16,2,4.041921575,7,0
Absent,16,2,3.430097074,7,1
Present,12,1,1.288937729,7,1
Absent,16,2,2.73597474,7,1
Present,12,1,2.477147581,7,1
Present,12,1,0.865341954,7,1
Absent,8,1,3.277152287,7,0
Present,16,1,1.088879864,7,1
Present,8,1,1.053615757,7,1
Absent,8,2,4.288948954,7,1
Absent,16,2,2.947743228,7,1
Absent,12,1,2.15950832,7,0
Absent,12,1,3.100717079,7,0
Absent,12,2,3.724208708,7,1
Absent,12,2,2.524211678,7,1
Present,16,1,1.241827097,7,1
Present,16,1,1.947762431,7,1
Present,8,1,2.547761025,7,1
Present,12,1,0.606538169,7,1
Present,16,1,0.594772581,7,1
Present,16,1,3.253604855,7,1
Absent,16,2,3.83004284,7,1
Absent,12,2,4.194847031,7,1
Absent,8,2,3.135989239,7,1
Present,8,1,0.559501296,7,1
Present,16,1,1.488914773,7,1
Absent,8,2,3.324217628,7,1
Present,16,1,1.406528829,7,1
Absent,16,2,3.135991331,7,1
Present,8,1,0.688875398,7,1
Absent,8,2,3.524227156,7,1
Absent,12,2,3.088927549,7,1
Present,16,1,0.582995975,7,1
Absent,16,2,1.783023495,7,1
Absent,8,2,2.583040312,7,1
Present,16,1,1.794830127,7,1
Absent,12,2,3.383020508,7,1
Present,8,1,1.900702358,7,1
Present,12,1,2.994780623,7,1
Absent,12,2,3.041832944,7,1
Absent,12,2,1.700683948,7,1
Present,8,1,1.277157558,7,1
Present,12,1,0.735960521,7,1
Present,12,1,0.677196173,7,1
Absent,16,2,3.747733244,7,1
Present,8,1,0.75948908,7,1
Absent,16,2,3.383023275,7,1
Absent,8,2,2.465365655,7,1
Present,12,1,2.053626231,7,1
Present,12,1,3.959532016,7,1
Absent,8,2,2.594785312,7,1
Present,16,1,0.877097929,7,1
Absent,12,2,2.783035645,7,1
Present,16,1,0.783010997,7,1
Absent,12,2,2.877151969,7,1
Present,8,1,1.053606093,7,1
Absent,8,2,3.430116958,7,1
Absent,16,2,2.888929224,7,1
Present,12,1,0.877136746,7,1
Absent,8,2,2.430100144,7,1
Present,12,1,0.594768032,7,1
Present,8,1,1.38309846,7,1
Present,12,1,1.253641899,7,1
Absent,8,2,3.194805203,7,1
Absent,12,2,2.794799695,7,1
Absent,16,2,4.735986968,7,1
Present,12,1,2.100671442,7,1
Absent,16,2,2.983034091,7,1
Absent,12,2,3.065362366,7,1
Present,16,1,1.877137215,7,1
Absent,16,2,3.277168487,7,1
Present,16,1,1.524417434,7,1
Present,8,1,0.92420734,7,1
Absent,12,2,4.594816225,7,1
Absent,8,2,2.241859645,7,1
Present,8,1,1.065389802,7,1
Absent,16,2,2.606546401,7,1
Present,12,1,0.90067868,7,1
Present,8,1,1.24182514,7,1
Present,16,1,0.724160705,7,1
Present,16,1,1.724245862,7,1
Present,12,1,1.830094219,7,1
Present,8,1,0.759491264,7,1
Absent,8,2,3.183038652,7,1
Present,8,1,2.335954187,7,1
Present,16,1,0.594789237,7,1
Present,8,1,2.488898791,7,1
Absent,16,2,2.924222593,7,1
Absent,8,2,3.112470535,7,1
Absent,8,2,2.77127453,7,1
Absent,16,2,2.677146402,7,1
Present,12,1,0.994774578,7,1
Present,12,1,3.347744978,7,1
Absent,12,2,4.465399162,7,1
Absent,16,2,3.571252386,7,1
Absent,12,2,3.04183858,7,1
Absent,16,2,4.030106931,7,1
Present,16,1,0.512492872,7,1
Absent,12,2,2.947749429,7,1
Absent,8,2,1.818333628,7,1
Present,8,1,1.512422289,7,1
Absent,16,2,3.406579345,7,1
Absent,12,2,2.912422444,7,1
Present,12,1,0.79477633,7,1
Present,16,1,2.077154114,7,1
Absent,8,2,2.583062915,7,1
Present,8,1,0.794754564,7,1
Present,12,1,0.48888632,7,1
Absent,12,2,3.230097427,7,1
Present,16,1,4.712547136,7,1
Absent,8,2,1.865366283,7,1
Absent,8,2,2.065376775,7,1
Present,16,1,1.347739577,7,1
Present,16,1,2.736003185,7,1
Absent,12,1,3.406546542,7,0
Absent,8,2,1.971253581,7,1
Absent,16,2,4.253617085,7,1
Absent,8,2,1.853620524,7,1
Absent,16,2,2.183039287,7,1
Present,12,1,0.677150926,7,1
Absent,12,2,4.935997687,7,1
Absent,12,2,3.35950328,7,1
Present,12,1,0.84182804,7,1
Present,16,1,1.66533841,7,1
Present,8,1,0.712459879,7,1
Present,8,1,1.018320271,7,1
Absent,16,2,3.783056707,7,1
Absent,16,2,3.265360941,7,1
Present,16,1,0.888879035,7,1
Present,8,1,1.135941358,7,1
Present,8,1,0.794799868,7,1
Absent,8,2,3.018323671,7,1
Absent,12,2,2.688913194,7,1
Present,16,1,0.653592274,7,1
Present,12,1,1.241859582,7,1
Absent,12,2,3.018338004,7,1
Absent,16,2,4.747752138,7,1
Present,8,1,0.84185054,7,1
Present,12,1,1.441845174,7,1
Present,12,1,0.853609073,7,1
Absent,16,2,2.406618449,7,1
Present,12,1,0.935966578,7,1
Absent,12,2,2.677147117,7,1
Present,16,1,1.312409197,7,1
Present,8,1,0.900668858,7,1
Present,16,1,1.135979337,7,1
Present,16,1,0.735938666,7,1
Absent,8,2,2.218314607,7,1
Present,12,1,0.72418488,7,1
Absent,12,2,4.336035126,7,1
Absent,16,2,3.254014678,7,1
Absent,16,2,2.065373968,7,1
Absent,12,2,3.265400515,7,1
Present,8,1,0.8889128,7,1
Absent,16,2,2.594800211,7,1
Absent,8,2,2.124210428,7,1
Present,16,1,1.99478551,7,1
Absent,8,2,2.735954408,7,1
Absent,12,2,2.90066383,7,1
Present,12,1,2.347727434,7,1
Present,8,1,1.171242572,7,1
Absent,16,2,3.041865622,7,1
Absent,12,2,3.206584686,7,1
Absent,8,2,2.571240194,7,1
Present,8,1,0.806543219,7,1
Present,12,1,0.912434955,7,1
Absent,8,2,2.559517766,7,1
Present,8,1,2.147750932,7,1
Present,12,1,0.830065268,7,1
Present,16,1,0.783025783,7,1
Present,8,1,1.626540347,8,1
Present,12,1,1.712264947,8,1
Present,16,2,1.2299059,8,0
Absent,16,2,1.171057643,8,1
Absent,16,2,1.135771369,8,1
Absent,8,2,1.018203745,8,1
Present,8,1,0.535785724,8,1
Absent,12,2,0.853453867,8,1
Absent,8,2,1.147567911,8,1
Absent,16,2,1.335680791,8,1
Present,12,1,1.100502187,8,1
Present,16,1,1.041647319,8,1
Absent,12,2,1.147561205,8,1
Present,16,1,0.971146261,8,1
Absent,12,1,1.029874515,8,0
Absent,16,2,1.535785996,8,1
Present,16,1,0.712240265,8,1
Absent,16,2,1.312257296,8,1
Present,8,1,0.853404652,8,1
Present,8,1,0.853431237,8,1
Present,8,1,0.782840374,8,1
Absent,8,1,1.194585227,8,0
Absent,12,1,1.67694262,8,0
Absent,8,2,1.500513251,8,1
Absent,12,2,1.371067365,8,1
Present,16,1,1.006374037,8,1
Present,12,1,1.300465481,8,1
Present,12,1,1.465245878,8,1
Absent,8,2,1.041675027,8,1
Present,12,1,1.171039649,8,1
Absent,8,2,2.229888218,8,1
Absent,8,2,1.194577854,8,1
Absent,16,2,1.22994889,8,1
Present,8,1,1.418114463,8,1
Absent,8,2,1.359664426,8,1
Present,16,1,0.75929432,8,1
Absent,12,2,1.194595136,8,1
Present,12,1,1.041650652,8,1
Present,8,1,1.147541121,8,1
Present,8,1,1.371126239,8,1
Present,16,1,0.912266186,8,1
Absent,16,2,1.700527674,8,1
Absent,12,1,0.771253986,8,0
Present,16,1,1.053415076,8,1
Present,12,1,0.947469507,8,1
Absent,12,2,2.124025999,8,1
Present,8,2,1.982833783,8,0
Absent,12,2,1.194605907,8,1
Absent,8,2,1.288708926,8,1
Present,12,1,1.0063591,8,1
Absent,16,1,1.159426029,8,0
Present,16,1,0.97110675,8,1
Present,8,1,0.923977675,8,1
Present,12,1,0.712246861,8,1
Absent,8,2,1.476939779,8,1
Absent,16,2,1.677059942,8,1
Absent,12,2,1.371009508,8,1
Present,12,1,1.430065073,8,1
Absent,16,2,1.676965656,8,1
Present,16,2,1.394580554,8,0
Present,8,1,0.818108424,8,1
Absent,8,2,1.346883009,8,1
Absent,12,2,1.323983697,8,1
Present,16,1,1.229886262,8,1
Present,8,1,0.618100421,8,1
Present,8,1,0.935769742,8,1
Present,12,1,0.900468416,8,1
Absent,8,2,0.982822705,8,1
Absent,12,2,1.182882559,8,1
Present,12,1,0.723977421,8,1
Present,16,1,0.571051974,8,1
Absent,16,2,1.524012265,8,1
Absent,12,2,1.382813654,8,1
Absent,16,2,1.194598083,8,1
Absent,16,1,1.241730165,8,0
Present,16,1,0.618088251,8,1
Absent,8,2,1.28871675,8,1
Absent,8,2,1.053408088,8,1
Absent,12,1,1.276999226,8,0
Present,16,1,0.829879504,8,1
Present,16,1,1.194579603,8,1
Present,8,1,1.041754877,8,1
Absent,8,2,1.112227816,8,1
Present,12,1,0.783038895,8,1
Absent,16,1,1.394609535,8,0
Present,12,1,0.841681334,8,1
Present,12,2,1.865171237,8,0
Absent,16,2,1.206342162,8,1
Absent,12,1,0.888704023,8,0
Present,8,1,1.218097288,8,1
Absent,12,2,1.947539325,8,1
Present,12,1,1.629924176,8,1
Absent,16,2,1.571086024,8,1
Present,8,1,0.865202487,8,1
Absent,12,2,1.335771894,8,1
Absent,12,2,1.629873287,8,1
Absent,12,2,1.477228746,8,1
Absent,8,2,1.794622643,8,1
Absent,8,2,1.34781525,8,1
Present,8,1,0.571011069,8,1
Present,8,1,0.618115317,8,1
Present,12,1,1.159369942,8,1
Absent,8,2,1.324011134,8,1
Present,8,1,0.665245143,8,1
Present,16,1,0.559291339,8,1
Present,12,1,0.594594018,8,1
Present,12,1,0.594645128,8,1
Present,16,1,1.688820491,8,1
Present,16,1,1.088712677,8,1
Absent,8,2,1.218115372,8,1
Absent,16,2,2.55932702,8,1
Absent,16,2,2.300493396,8,1
Absent,16,2,1.912273381,8,1
Present,16,1,0.982739481,8,1
Present,8,1,0.665247459,8,1
Absent,12,2,1.876967769,8,1
Absent,8,2,2.076984313,8,1
Absent,16,2,1.829838169,8,1
Present,16,1,0.912221161,8,1
Present,12,1,0.782740555,8,1
Present,12,1,0.959319204,8,1
Absent,12,1,1.076957887,8,0
Present,8,1,0.994575575,8,1
Present,16,1,1.124004775,8,1
Present,12,1,2.288709905,8,1
Absent,8,2,1.065262983,8,1
Present,8,1,0.653399456,8,1
Absent,8,2,1.171073301,8,1
Present,12,1,2.759682253,8,1
Present,16,1,0.653402182,8,1
Absent,12,2,1.618206101,8,1
Present,8,1,0.594573122,8,1
Absent,16,2,1.112240597,8,1
Absent,16,2,2.665189355,8,1
Present,12,2,1.265184399,8,0
Present,16,1,0.79459108,8,1
Present,16,1,1.971049742,8,1
Absent,12,2,1.08871807,8,1
Present,16,1,0.700457636,8,1
Absent,8,2,1.276928864,8,1
Absent,12,2,1.876953129,8,1
Absent,16,2,2.348127886,8,1
Present,12,1,0.653412999,8,1
Absent,16,2,1.653418469,8,1
Absent,12,2,1.923991957,8,1
Absent,8,2,1.618083331,8,1
Absent,16,2,1.994621574,8,1
Present,8,1,2.053401288,8,1
Present,8,1,0.912411096,8,1
Absent,8,2,1.206327426,8,1
Absent,12,2,1.34760907,8,1
Present,12,1,1.276955795,8,1
Present,16,1,0.747544252,8,1
Present,8,1,0.735751915,8,1
Absent,8,2,1.994605765,8,1
Absent,8,2,1.677025668,8,1
Present,16,1,0.747594459,8,1
Absent,16,2,2.37109133,8,1
Absent,8,1,0.7710798,8,0
Absent,8,2,2.488732534,8,1
Present,8,1,1.076938715,8,1
Present,8,1,0.559284543,8,1
Present,16,1,1.88871879,8,1
Present,16,2,2.85354775,8,0
Absent,16,2,1.300479094,8,1
Absent,12,2,2.029877945,8,1
Present,8,1,0.829915461,8,1
Present,12,1,1.182814498,8,1
Present,12,1,2.112248413,8,1
Absent,12,1,0.806349243,8,0
Absent,16,2,1.418118182,8,1
Present,12,1,1.347524543,8,1
Absent,12,2,2.112541099,8,1
Absent,16,2,1.100505956,8,1
Present,8,1,1.147531983,8,1
Absent,16,2,1.100764143,8,1
Absent,8,1,1.771060354,8,0
Present,12,1,1.124003031,8,1
Present,16,1,0.900446843,8,1
Absent,12,2,1.065257966,8,1
Absent,12,1,1.053398771,8,0
Absent,12,2,2.182847721,8,1
Absent,12,2,2.359325202,8,1
Present,16,2,2.253378586,8,0
Present,16,2,2.3593058,8,0
Present,8,1,0.853487324,8,1
Present,16,2,1.665170237,8,0
Absent,8,1,1.453429192,8,0
Absent,16,2,1.476969507,8,1
Absent,16,2,1.44161868,8,1
Present,12,1,1.100465993,8,1
Absent,12,1,1.559343729,8,0
Absent,8,2,1.229898071,8,1
Present,12,1,1.006697644,8,1
Absent,16,2,2.312246943,8,1
Absent,16,2,1.841675772,8,1
Present,12,1,1.347588926,8,1
Present,12,1,0.712215128,8,1
Present,16,1,0.488705134,8,1
Absent,8,2,1.865146657,8,1
Present,16,1,0.782811754,8,1
Present,8,1,0.606341541,8,1
Absent,12,2,1.724038457,8,1
Present,8,1,0.606377163,8,1
Present,8,1,1.312235583,8,1
Absent,8,2,1.676958428,8,1
Present,8,1,1.265196649,8,1
Present,12,1,1.147638619,8,1
Absent,8,2,1.676957686,8,1
Absent,16,1,1.759311764,8,0
Absent,8,2,3.841679453,9,1
Absent,12,2,3.58282804,9,1
Present,12,2,4.629886132,9,0
Present,16,-1,5.041228297,9,0
Present,16,1,3.982842791,9,1
Present,12,1,4.406356099,9,1
Absent,16,2,4.582867888,9,1
Present,8,1,2.194590766,9,1
Absent,12,2,5.018117256,9,1
Absent,12,-1,4.994172275,9,0
Absent,16,2,4.241740291,9,1
Present,8,1,0.971067314,9,1
Absent,16,2,4.453447387,9,1
Present,8,1,1.429873902,9,1
Absent,16,-1,5.029470774,9,0
Absent,8,1,1.582807791,9,0
Present,16,1,2.512354385,9,1
Absent,12,2,5.04165777,9,1
Absent,8,-1,5.017713,9,0
Absent,8,2,4.159310317,9,1
Absent,8,2,4.665223696,9,1
Present,16,-1,5.005960398,9,0
Present,16,1,3.606414176,9,1
Present,8,-1,4.994197091,9,0
Present,12,-1,4.99418252,9,0
Present,12,1,1.523998572,9,1
Present,8,1,2.79458416,9,1
Present,12,1,2.841669885,9,1
Absent,12,2,4.524031752,9,1
Absent,16,-1,4.99418244,9,0
Present,16,1,3.500499404,9,1
Absent,16,-1,4.99418052,9,0
Absent,16,2,4.924037471,9,1
Absent,12,-1,4.99417616,9,0
Absent,8,2,3.841682044,9,1
Absent,12,-1,4.994182706,9,0
Absent,16,2,4.912280474,9,1
Present,16,1,1.241663173,9,1
Present,8,1,4.676979856,9,1
Present,12,1,4.359330882,9,1
Absent,16,2,3.841699843,9,1
Present,8,1,2.818149806,9,1
Absent,8,2,3.759325103,9,1
Present,16,2,4.841668611,9,0
Absent,8,-1,4.994179047,9,0
Present,8,1,1.48872329,9,1
Present,8,1,2.041654452,9,1
Present,12,1,2.512257007,9,1
Absent,16,2,4.935782494,9,1
Present,12,1,3.594599788,9,1
Present,12,1,3.229887896,9,1
Present,16,-1,4.994187638,9,0
Absent,8,-1,4.994179603,9,0
Present,8,1,1.453426175,9,1
Absent,8,2,3.900502601,9,1
Absent,12,2,3.971101874,9,1
Absent,12,2,4.759345338,9,1
Absent,12,-1,4.994182325,9,0
Present,16,1,2.947567019,9,1
Present,12,1,1.935776319,9,1
Present,8,1,2.312251378,9,1
Present,8,1,1.676908542,9,1
Present,16,1,2.253425493,9,1
Present,12,1,1.147519252,9,1
Absent,16,2,4.61814544,9,1
Present,16,1,0.782819169,9,1
Present,12,1,1.171053846,9,1
Present,8,1,1.159289361,9,1
Absent,8,2,2.900490281,9,1
Absent,16,2,4.324026074,9,1
Absent,8,2,3.829927318,9,1
Absent,12,-1,4.994181859,9,0
Absent,8,1,3.053496105,9,0
Absent,8,2,3.571105202,9,1
Present,8,1,1.429888302,9,1
Absent,12,1,1.900490291,9,0
Present,16,1,1.394606189,9,1
Absent,16,-1,4.99420086,9,0
Absent,12,-1,4.994209632,9,0
Present,16,1,2.076951171,9,1
Absent,16,-1,4.994185643,9,0
Present,12,1,1.606356745,9,1
Present,12,1,1.582841137,9,1
Present,16,1,0.900472222,9,1
Present,12,1,1.959308242,9,1
Present,8,1,0.735752436,9,1
Absent,16,2,4.17110448,9,1
Absent,12,2,4.982869136,9,1
Absent,12,-1,4.994189853,9,0
Absent,8,1,2.476949492,9,0
Present,8,1,2.029877401,9,1
Present,16,1,1.029860886,9,1
Absent,16,-1,5.005945888,9,0
Absent,8,2,3.441649264,9,1
Present,12,1,2.018123095,9,1
Absent,12,2,3.382831133,9,1
Absent,8,2,3.10047329,9,1
Present,8,1,1.658284925,9,1
Absent,16,2,4.324012631,9,1
Present,16,1,0.806337233,9,1
Present,8,1,1.182795837,9,1
Present,16,1,1.759276695,9,1
Present,8,1,2.559298714,9,1
Present,12,1,1.688752907,9,1
Absent,12,2,4.82990359,9,1
Present,12,1,1.94751246,9,1
Absent,16,2,3.982859297,9,1
Absent,12,-1,5.017715275,9,0
Present,16,1,3.488739835,9,1
Present,16,1,1.759271006,9,1
Absent,16,2,4.30047135,9,1
Present,8,1,0.688698339,9,1
Present,12,1,3.6063649,9,1
Absent,8,-1,5.017703211,9,0
Absent,8,2,3.359319209,9,1
Present,12,1,2.614749499,9,1
Absent,12,2,4.994604435,9,1
Absent,16,-1,5.0294631,9,0
Absent,8,2,3.735767523,9,1
Absent,12,2,4.629929693,9,1
Absent,16,2,3.547558222,9,1
Absent,8,2,4.947460955,9,1
Present,8,1,1.782842466,9,1
Present,8,1,2.959284003,9,1
Present,16,1,0.959338331,9,1
Present,8,1,1.829912892,9,1
Absent,8,-1,5.005942039,9,0
Absent,16,2,4.571049817,9,1
Absent,16,2,4.006372494,9,1
Present,16,1,0.712205973,9,1
Present,12,1,0.865164577,9,1
Present,12,1,4.700501078,9,1
Absent,12,-1,5.017700103,9,0
Absent,16,1,1.641694941,9,0
Absent,12,2,4.312302182,9,1
Present,8,1,0.935753203,9,1
Absent,12,1,3.041661178,9,0
Absent,12,2,4.465186931,9,1
Present,8,1,0.959264997,9,1
Absent,12,1,3.665189142,9,0
Present,16,1,0.935751012,9,1
Absent,8,2,4.512257007,9,1
Present,12,1,1.123992913,9,1
Present,12,1,0.676972167,9,1
Present,12,1,0.72400213,9,1
Absent,8,-1,5.017705501,9,0
Absent,8,2,4.676964919,9,1
Absent,16,2,4.877347523,9,1
Present,16,1,2.147539622,9,1
Present,16,1,2.535803821,9,1
Absent,12,-1,4.994161705,9,0
Absent,16,2,3.253401109,9,1
Absent,16,2,4.747573344,9,1
Present,12,1,0.994598535,9,1
Present,16,1,1.006350941,9,1
Absent,8,2,3.665263668,9,1
Present,16,1,3.676949983,9,1
Present,8,1,0.865145184,9,1
Present,8,1,0.782820241,9,1
Absent,12,2,3.947537226,9,1
Absent,12,-1,5.029494607,9,0
Present,12,1,2.147511889,9,1
Present,8,1,0.771043641,9,1
Absent,16,2,3.726199547,9,1
Present,12,1,1.08869656,9,1
Present,16,2,3.665219977,9,0
Absent,16,1,4.100522345,9,0
Absent,8,2,4.194587819,9,1
Absent,8,1,2.418131255,9,0
Present,12,1,0.8181149,9,1
Absent,8,2,4.159398397,9,1
Present,12,1,3.876990061,9,1
Present,16,1,2.594615387,9,1
Absent,8,2,4.724037958,9,1
Absent,12,-1,4.994207,9,0
Absent,12,2,4.841684615,9,1
Present,8,1,2.571079614,9,1
Present,16,1,1.794593548,9,1
Absent,16,2,3.771082637,9,1
Present,8,1,1.806367547,9,1
Present,8,1,1.147524906,9,1
Absent,12,-1,4.994162907,9,0
Present,12,1,2.241654532,9,1
Absent,8,2,4.206412657,9,1
Present,8,1,2.547551937,9,1
Absent,16,2,3.865205712,9,1
Present,16,1,1.418127371,9,1
Absent,12,2,3.559304232,9,1
Present,12,1,0.959283432,9,1
Present,16,1,1.641669975,9,1
Present,8,1,1.559307981,9,1
Present,16,1,4.135793316,9,1
Absent,8,2,4.747554418,9,1
Present,8,1,2.5828526,9,1
Absent,16,2,4.935811746,9,1
Absent,8,2,4.182855132,9,1
Absent,8,2,4.841694174,9,1
Absent,12,2,4.100500962,9,1
Present,12,1,2.31224571,9,1
Present,16,1,3.5711248,9,1
Present,12,1,1.782853362,9,1
Present,12,-1,4.994185633,9,0
Absent,16,-1,4.994210398,9,0
Present,8,1,0.735757533,9,1
Present,16,1,0.982818833,9,1
Absent,8,2,3.218174641,9,1
Absent,16,2,3.724037186,9,1
Absent,12,2,3.606375606,9,1
Absent,12,2,4.86522348,9,1
Absent,16,-1,4.994181197,9,0
Present,8,1,1.088705326,10,1
Absent,16,2,2.759330301,10,1
Absent,8,2,2.206374619,10,1
Absent,16,2,3.359330416,10,1
Absent,8,2,2.312251764,10,1
Absent,8,2,1.865196981,10,1
Absent,12,2,1.900473049,10,1
Present,12,1,1.606365798,10,1
Absent,16,1,2.959331253,10,0
Absent,12,2,2.07694472,10,1
Absent,16,2,2.100483154,10,1
Present,8,1,0.58285431,10,1
Present,12,1,0.700473109,10,1
Present,12,1,0.582850666,10,1
Absent,12,2,1.065183057,10,1
Present,12,1,0.618096716,10,1
Absent,8,2,0.912238657,10,1
Present,16,1,0.806349082,10,1
Present,8,1,1.076954895,10,1
Absent,12,2,1.82991407,10,1
Present,16,1,0.653419168,10,1
Present,16,1,0.571075309,10,1
Absent,8,2,1.171067329,10,1
Present,8,1,0.61811883,10,1
Absent,16,1,0.735782224,10,0
Present,8,1,0.524004015,10,1
Present,16,1,0.618132383,10,1
Absent,12,2,2.029907174,10,1
Present,16,1,0.81812686,10,1
Present,12,1,0.524023492,10,1
Absent,8,2,1.053424781,10,1
Present,16,1,0.629881736,10,1
Absent,12,2,1.500501839,10,1
Absent,12,2,0.7240002,10,1
Absent,12,2,0.488710764,10,1
Absent,8,2,0.476954008,10,1
Absent,8,2,0.512245088,10,1
Absent,16,2,0.712220343,10,1
Present,12,1,0.6298912,10,1
Present,8,1,0.888689337,10,1
Present,8,1,0.747532509,10,1
Absent,16,2,1.34752852,10,1
Absent,16,2,0.829886959,10,1
Present,8,1,0.559302583,10,1
Absent,12,2,1.959304267,10,1
Absent,16,2,1.1593011,10,1
Absent,8,2,0.924019117,10,1
Present,8,1,0.559319354,10,1
Absent,16,2,1.806378634,10,1
Present,16,1,0.618132293,10,1
Present,12,1,0.653434716,10,1
Present,8,1,0.641651179,10,1
Present,16,1,0.947533076,10,1
Absent,8,2,1.700481926,10,1
Present,12,1,0.594608159,10,1
Present,16,1,1.818128067,10,1
Absent,12,2,2.300478999,10,1
Present,12,1,0.700491113,10,1
Present,16,1,1.088695106,10,1
Present,12,1,1.629869762,10,1
Absent,16,2,1.112164837,10,1
Absent,8,2,1.547513483,10,1
Absent,12,2,0.735788414,10,1
Present,16,1,0.594591619,10,1
Present,16,1,0.51227251,10,1
Absent,12,2,0.959273693,10,1
Absent,8,2,0.90041991,10,1
Absent,16,2,0.676946098,10,1
Absent,8,2,0.45338318,10,1
Absent,16,2,0.735765533,10,1
Absent,8,2,0.535762826,10,1
Present,16,1,0.629855257,10,1
Present,8,1,0.794552503,10,1
Absent,16,2,0.771037622,10,1
Present,12,1,0.512222007,10,1
Present,8,1,0.606353793,10,1
Present,8,1,0.453410296,10,1
Absent,12,2,0.700446394,10,1
Present,16,1,0.618127225,10,1
Absent,12,2,0.759295947,10,1
Present,12,1,0.571036309,10,1
Present,12,1,0.488689688,10,1
Present,16,1,0.582811229,10,1
Absent,16,1,0.653407063,10,0
Present,8,1,0.453443307,10,1
Present,12,1,1.124033477,10,1
Present,8,1,0.453408111,10,1
Absent,8,2,0.982786955,10,1
Present,12,1,0.559219726,10,1
Absent,12,2,1.088683387,10,1
Present,12,1,0.841657168,10,1
Present,12,1,0.512222423,10,1
Absent,16,2,0.688691272,10,1
Present,16,1,0.72401426,10,1
Absent,8,2,0.853408336,10,1
Present,8,1,0.488731966,10,1
Absent,16,2,0.571049676,10,1
Absent,8,2,0.830003995,10,1
Present,16,1,0.500465441,10,1
Present,12,1,0.535762059,10,1
Absent,8,1,0.629872409,10,0
Absent,12,2,0.653411845,10,1
Present,12,1,0.631411349,10,1
Present,16,1,0.618095032,10,1
Present,16,1,0.747513077,10,1
Present,12,1,0.700458559,10,1
Absent,16,2,1.08870282,10,1
Present,16,1,0.771074211,10,1
Absent,16,2,1.182796143,10,1
Absent,12,2,0.759311034,10,1
Present,8,1,0.582806874,10,1
Present,8,1,0.547503393,10,1
Absent,8,2,0.559290484,10,1
Absent,12,2,1.197196469,10,1
Absent,12,2,0.571038719,10,1
Absent,8,2,0.559292283,10,1
Absent,12,2,0.618093969,10,1
Present,8,1,0.691143671,10,1
Absent,16,2,1.006352811,10,1
Present,8,1,0.582839559,10,1
Present,16,1,0.782802288,10,1
Present,12,1,0.488680746,10,1
Absent,16,2,1.100473195,10,1
Absent,8,2,0.87691409,10,1
Absent,8,2,0.62987286,10,1
Absent,12,2,0.582817836,10,1
Absent,12,2,0.453402412,10,1
Present,16,1,0.50046324,10,1
Present,8,1,0.606353683,10,1
Present,12,1,0.453401445,10,1
Present,16,1,0.594558974,10,1
Present,8,1,0.618112469,10,1
Present,8,1,0.41811086,10,1
Absent,16,2,0.688684034,10,1
Present,12,1,0.665149359,10,1
Present,8,1,0.523988101,10,1
Absent,16,1,0.65342422,10,0
Absent,8,1,0.535757734,10,0
Absent,12,2,0.571030966,10,1
Present,12,1,0.759295476,10,1
Absent,8,2,0.818090721,10,1
Present,12,1,0.638878674,10,1
Absent,16,2,1.04163102,10,1
Present,16,1,0.500438079,10,1
Absent,12,2,1.241652673,10,1
Absent,16,2,0.712233966,10,1
Absent,8,1,0.93320901,10,0
Present,16,1,0.72399379,10,1
Present,8,1,0.771078176,10,1
Absent,12,2,0.982820622,10,1
Absent,16,2,1.44170703,10,1
Present,16,1,0.606335734,10,1
Present,12,1,0.606339884,10,1
Absent,16,1,0.629798644,10,0
Absent,12,2,1.771048533,10,1
Present,16,1,1.006343573,10,1
Present,12,1,0.676968373,10,1
Absent,8,2,0.900467245,10,1
Present,12,1,0.72404285,10,1
Present,8,1,1.041695572,10,1
Absent,16,2,1.159311711,10,1
Absent,8,2,1.04161265,10,1
Absent,16,2,0.771072898,10,1
Absent,16,2,0.618100189,10,1
Absent,8,2,0.559260856,10,1
Present,12,1,0.629868289,10,1
Absent,12,2,1.241631897,10,1
Present,8,1,0.488711977,10,1
Present,16,1,0.689005433,10,1
Absent,12,2,0.71223169,10,1
Present,16,1,0.465162085,10,1
Present,16,1,0.394559831,10,1
Present,8,1,0.688682555,10,1
Absent,12,1,0.441631416,10,0
Absent,8,1,0.559309009,10,0
Present,8,1,0.641649119,10,1
Present,12,1,0.500510776,10,1
Present,8,1,0.571044088,10,1
Absent,12,2,0.665163128,10,1
Absent,8,2,0.594592636,10,1
Present,16,1,0.582818703,10,1
Absent,8,2,0.994581744,10,1
Absent,16,2,0.900502115,10,1
Present,16,1,0.90047525,10,1
Absent,16,2,1.335777522,10,1
Present,8,1,0.52399594,10,1
Absent,8,2,0.782830351,10,1
Absent,12,2,0.700480452,10,1
Present,8,1,0.571049205,10,1
Present,16,1,0.582831298,10,1
Absent,8,2,0.818121938,10,1
Absent,8,2,0.547549957,10,1
Absent,16,2,0.512241058,10,1
Present,12,1,0.747541867,10,1
Absent,8,2,0.876970944,10,1
Present,16,1,0.547523292,10,1
Present,12,1,0.441656803,10,1
Present,12,1,0.535762546,10,1
Absent,12,2,1.171084511,10,1
Absent,16,2,0.700483685,10,1
Absent,12,2,0.888717405,10,1
Present,16,2,1.088702865,10,0
Present,8,1,0.488730091,10,1
Present,8,1,0.47694889,10,1
Present,8,1,0.559304222,10,1
Absent,12,2,0.735746627,10,1
Absent,16,2,0.629888854,10,1
Present,12,1,0.523995985,10,1
Present,12,1,0.794616274,10,1
Absent,12,2,1.324016906,10,1
Absent,12,2,1.288702786,11,1
Present,12,1,0.688688652,11,1
Present,12,1,0.806475943,11,1
Present,16,1,1.006372999,11,1
Present,8,1,0.84164904,11,1
Absent,16,2,1.265195416,11,1
Present,12,1,1.006354684,11,1
Present,12,1,0.75931259,11,1
Present,8,1,1.206356031,11,1
Absent,16,2,1.312235543,11,1
Present,16,1,0.70048575,11,1
Absent,16,2,0.994587945,11,1
Present,8,1,0.665158085,11,1
Present,16,1,1.241679416,11,1
Present,16,1,0.829881102,11,1
Absent,12,1,1.67682632,11,0
Absent,12,2,1.347537435,11,1
Absent,16,1,1.053380381,11,0
Present,8,1,0.794603986,11,1
Present,16,1,0.829880436,11,1
Absent,8,2,1.076929788,11,1
Absent,12,2,1.206355029,11,1
Absent,8,2,0.912237506,11,1
Absent,8,2,0.971071634,11,1
Absent,8,2,1.02983982,11,1
Present,8,1,0.923987369,11,1
Absent,12,1,1.806401146,11,0
Absent,16,2,1.418107456,11,1
Present,12,1,1.041608053,11,1
Absent,8,2,1.053448522,11,1
Absent,12,2,1.159312286,11,1
Present,16,1,0.66521106,11,1
Present,16,1,0.653391717,11,1
Absent,8,2,1.206372792,11,1
Present,8,1,0.70046915,11,1
Absent,16,1,0.9593153,11,0
Absent,12,2,2.171095918,11,1
Present,8,1,0.68869636,11,1
Present,16,1,0.924078317,11,1
Absent,8,2,1.230048403,11,1
Present,12,1,1.112257027,11,1
Present,8,1,0.794719749,11,1
Absent,16,2,1.23134878,11,1
Present,16,1,1.041664491,11,1
Absent,8,2,0.735768355,11,1
Absent,12,2,0.971076937,11,1
Absent,12,2,1.10047495,11,1
Absent,12,2,0.759307507,11,1
Present,12,1,0.841654949,11,1
Absent,16,1,0.923993093,11,0
Absent,8,2,0.912251987,11,1
Absent,16,2,0.912258362,11,1
Present,16,1,0.853430174,11,1
Present,12,1,0.665166461,11,1
Present,12,1,1.077594309,11,1
Absent,16,2,1.018108297,11,1
Present,8,1,0.676901833,11,1
Absent,8,2,1.041626924,11,1
Present,12,1,0.60660883,11,1
Present,8,2,0.771083484,11,0
Absent,16,2,0.6181042,11,1
Present,16,1,0.559295595,11,1
Present,8,1,0.676952056,11,1
Present,16,1,1.382845101,11,1
Present,12,1,0.86516889,11,1
Present,8,1,0.618150448,11,1
Present,12,1,0.676950517,11,1
Present,12,1,0.629804261,11,1
Absent,8,2,1.171399514,11,1
Present,12,1,0.771173269,11,1
Absent,16,2,1.559318041,11,1
Present,16,1,1.147485184,11,1
Present,12,1,0.818199702,11,1
Absent,16,2,1.127653307,11,1
Present,16,1,1.1239988,11,1
Absent,12,1,1.335855012,11,0
Absent,12,2,1.759415814,11,1
Absent,16,2,0.888789356,11,1
Absent,12,2,0.900507051,11,1
Present,8,1,0.723986875,11,1
Absent,8,2,0.688695674,11,1
Absent,12,2,0.724020838,11,1
Present,8,2,0.676905838,11,0
Absent,8,2,1.218130214,11,1
Absent,16,2,1.771070574,11,1
Absent,12,2,1.886584233,11,1
Absent,8,2,1.28074049,11,1
Present,8,1,0.613333668,11,1
Absent,8,2,1.17105462,11,1
Present,16,1,1.088701064,11,1
Present,16,1,0.900512218,11,1
Absent,16,2,0.947520778,11,1
Absent,8,2,1.018092558,11,1
Present,8,1,1.11252163,11,1
Absent,16,2,1.065203538,11,1
Present,12,1,1.30046337,11,1
Absent,12,2,0.606338919,11,1
Present,12,1,0.653469071,11,1
Absent,12,2,1.006396407,11,1
Present,8,1,0.524277397,11,1
Present,16,1,0.947519294,11,1
Absent,8,2,0.912319442,11,1
Absent,16,2,1.523996877,11,1
Absent,12,1,0.971080786,11,0
Absent,16,2,1.112239635,11,1
Present,12,1,0.853382823,11,1
Present,16,1,0.806368505,11,1
Absent,8,2,2.465198153,11,1
Present,12,1,0.59455993,11,1
Absent,8,1,1.135423528,11,0
Present,12,1,0.571057437,11,1
Present,16,1,0.559311203,11,1
Absent,16,1,0.888701877,11,0
Present,8,1,0.61809413,11,1
Present,8,1,0.5945947,11,1
Present,16,1,0.735752185,11,1
Absent,8,2,0.66516397,11,1
Present,8,1,0.91222478,11,1
Absent,12,2,0.865196332,11,1
Absent,12,1,0.982818113,11,0
Absent,12,2,1.065200335,11,1
Present,8,1,0.653441083,11,1
Absent,16,2,0.759317667,11,1
Absent,12,2,0.771287087,11,1
Absent,8,2,1.10048916,11,1
Present,16,1,0.700480272,11,1
Present,12,1,0.829950292,11,1
Present,12,2,1.100466179,11,0
Present,12,1,0.759291904,11,1
Present,16,1,0.92531417,11,1
Present,16,1,1.39458715,11,1
Absent,12,2,0.794577451,11,1
Absent,8,2,1.088701354,11,1
Absent,16,2,1.724103872,11,1
Absent,8,2,1.077086532,11,1
Absent,12,2,0.935779375,11,1
Present,12,1,0.535700881,11,1
Present,16,1,0.84165512,11,1
Present,8,1,0.559263562,11,1
Absent,8,2,1.147520826,11,1
Absent,12,2,1.135742634,11,1
Absent,8,2,0.771004621,11,1
Absent,16,2,0.829897558,11,1
Present,8,1,0.65346438,11,1
Present,12,1,1.27692309,11,1
Present,8,1,0.594577092,11,1
Absent,16,2,1.241672123,11,1
Present,16,1,0.453403257,11,1
Absent,16,2,1.100469166,11,1
Present,8,1,1.076950825,11,1
Absent,8,2,0.712214993,11,1
Present,12,1,0.594570115,11,1
Present,8,1,0.476962503,11,1
Absent,8,2,0.794611991,11,1
Absent,16,2,1.465175531,11,1
Present,16,1,0.653418723,11,1
Present,12,2,0.723996423,11,0
Absent,12,2,1.076934595,11,1
Absent,16,1,1.51150948,11,0
Present,12,1,0.971072967,11,1
Present,16,1,0.971063188,11,1
Absent,12,2,2.206406912,11,1
Absent,16,1,0.712231954,11,0
Present,8,1,0.441722493,11,1
Present,12,1,0.535779298,11,1
Absent,8,2,0.900476,11,1
Present,8,1,0.653441062,11,1
Absent,8,2,1.06517593,11,1
Present,16,1,0.77114725,11,1
Present,16,1,1.288687298,11,1
Present,8,1,1.006363501,11,1
Present,16,1,1.006343973,11,1
Absent,12,2,1.26518453,11,1
Present,12,1,0.747517697,11,1
Absent,12,2,1.171047964,11,1
Present,8,1,0.488698878,11,1
Absent,8,1,0.57102594,11,0
Absent,16,2,0.87697461,11,1
Absent,12,2,0.724085205,11,1
Absent,16,2,0.829883263,11,1
Present,8,1,0.747515346,11,1
Absent,16,2,1.182902969,11,1
Absent,8,2,0.924015944,11,1
Present,16,1,0.641665306,11,1
Present,8,1,0.547522285,11,1
Absent,12,1,1.100453483,11,0
Absent,16,2,1.359328368,11,1
Absent,16,2,1.053433561,11,1
Present,12,1,0.535777975,11,1
Absent,8,2,0.771268933,11,1
Present,8,1,0.676944442,11,1
Absent,12,2,0.95929705,11,1
Absent,8,2,0.653421284,11,1
Absent,12,2,1.123953865,11,1
Present,8,1,0.500453563,11,1
Absent,16,2,1.018151402,11,1
Absent,8,2,0.759310615,11,1
Present,16,1,0.547543842,11,1
Present,12,1,0.877038957,11,1
Present,12,1,0.606309302,11,1
Absent,12,2,1.065182376,11,1
Absent,16,2,1.100437278,11,1
Present,16,1,0.70048576,11,1
Present,12,1,0.759295934,11,1
Present,12,1,0.794564966,11,1
Present,16,1,0.876931228,11,1
Present,16,1,0.665092094,11,1
Absent,12,2,1.029851012,11,1
Present,8,1,0.500475206,11,1
Absent,8,2,1.359327632,11,1